model,mean_pearson_r,std_pearson_r,mean_mse,std_mse,mean_pearson_rank,mean_mse_rank,mean_combined_rank,family_wins,pooled_pearson_r,pooled_mse
Top3MeanEnsemble,0.913945203138428,0.03330488036424235,0.4603673815418314,0.29665289444171455,1.8333333333333333,2.0,1.9166666666666667,2,0.9113132041249267,0.3095292177958872
XGBoost_small,0.8995983930785979,0.04146919753953295,0.42579172786734737,0.2520853770710531,2.6666666666666665,1.8333333333333333,2.25,1,0.9024261862276467,0.3239471625482761
RandomForest,0.9155669557326416,0.02311028910795961,0.4912796038577005,0.27870764787642505,2.8333333333333335,3.0,2.9166666666666665,0,0.8909430787645659,0.3503024609132967
ExtraTrees,0.8984956208152087,0.05895463686083338,0.559471982687681,0.3830222829694479,2.6666666666666665,3.1666666666666665,2.9166666666666665,0,0.8939667294356292,0.37228655062796107
